{
  "monthStr": "2026-03",
  "TZ": {
    "exchange_rate": 2581.57,
    "total_apps": 13283,
    "apps_per_team": 96,
    "num_teams": 139,
    "num_areas": 139,
    "prior_apps_per_team": 97,
    "total_approvals": 0,
    "approval_rate": 0,
    "prior_approval_rate": 0.944763,
    "total_disb_usd": 2899960.102,
    "disb_per_team": 160,
    "avg_loan_size_usd": 229.936576,
    "prior_total_disb_usd": 2785600.415,
    "prior_disb_per_team": 159,
    "prior_avg_loan_size_usd": 219.373162,
    "loan_book_usd": 6676011.45,
    "prior_loan_book_usd": 6318825.621,
    "par30_rate": 0.081768,
    "prior_par30_rate": 0.079977,
    "chronic_rate": 0.0803,
    "prior_chronic_rate": 0.064625,
    "revenue_usd": 1002357.328,
    "prior_revenue_usd": 863691.1061,
    "provision_usd": -169883.6499,
    "prior_provision_usd": -134460.9121,
    "opex_usd": -496115.7983,
    "prior_opex_usd": -494496.606,
    "operating_income_usd": 336357.8794,
    "prior_operating_income_usd": 234733.5881,
    "interest_income_usd": 857359.3225,
    "prior_interest_income_usd": 724411.0854,
    "processing_fees_usd": 144998.0051,
    "prior_processing_fees_usd": 139280.0207,
    "staff_cost_usd": -172958.4079,
    "prior_staff_cost_usd": -178659.46,
    "fuel_cost_usd": -34418.91446,
    "prior_fuel_cost_usd": -31621.20279,
    "vehicle_cost_usd": -8878.04708,
    "prior_vehicle_cost_usd": -6012.981302,
    "prior_total_apps": 13415,
    "prior_num_teams": 139,
    "prior_total_approvals": 12674,
    "num_loans": 12612,
    "median_tat_days": 3,
    "prior_median_tat_days": 2
  },
  "KE": {
    "exchange_rate": 130,
    "total_apps": 8169,
    "apps_per_team": 80,
    "num_teams": 102,
    "num_areas": 102,
    "prior_apps_per_team": 85,
    "total_approvals": 7734,
    "approval_rate": 0.94675,
    "prior_approval_rate": 0.933149,
    "total_disb_usd": 1869538.462,
    "disb_per_team": 131,
    "avg_loan_size_usd": 241.636094,
    "prior_total_disb_usd": 1820891.473,
    "prior_disb_per_team": 135,
    "prior_avg_loan_size_usd": 224.940268,
    "loan_book_usd": 4212998.746,
    "prior_loan_book_usd": 4177694.043,
    "par30_rate": 0.071692,
    "prior_par30_rate": 0.087603,
    "chronic_rate": 0.060775,
    "prior_chronic_rate": 0.045612,
    "revenue_usd": 671626.3527,
    "prior_revenue_usd": 587290.9362,
    "provision_usd": -100052.7893,
    "prior_provision_usd": -80610.22566,
    "opex_usd": -434402.7755,
    "prior_opex_usd": -393159.5716,
    "operating_income_usd": 137170.7879,
    "prior_operating_income_usd": 113521.1389,
    "interest_income_usd": 578149.4296,
    "prior_interest_income_usd": 496246.3626,
    "processing_fees_usd": 93476.92308,
    "prior_processing_fees_usd": 91044.57364,
    "staff_cost_usd": -150620.4137,
    "prior_staff_cost_usd": -151619.162,
    "fuel_cost_usd": -19686.83115,
    "prior_fuel_cost_usd": -16603.24992,
    "vehicle_cost_usd": -4065.384615,
    "prior_vehicle_cost_usd": -3733.829457,
    "prior_total_apps": 8676,
    "prior_num_teams": 102,
    "prior_total_approvals": 8096,
    "num_loans": 7737,
    "median_tat_days": 4,
    "prior_median_tat_days": 2
  },
  "UG": {
    "exchange_rate": 3630,
    "total_apps": 2830,
    "apps_per_team": 74,
    "num_teams": 38,
    "num_areas": 38,
    "prior_apps_per_team": 75,
    "total_approvals": 2723,
    "approval_rate": 0.962191,
    "prior_approval_rate": 0.972603,
    "total_disb_usd": 551198.3471,
    "disb_per_team": 83,
    "avg_loan_size_usd": 201.535045,
    "prior_total_disb_usd": 572205.0562,
    "prior_disb_per_team": 83,
    "prior_avg_loan_size_usd": 203.704185,
    "loan_book_usd": 1309168.382,
    "prior_loan_book_usd": 1328495.447,
    "par30_rate": 0.142608,
    "prior_par30_rate": 0.187518,
    "chronic_rate": 0.096462,
    "prior_chronic_rate": 0.115853,
    "revenue_usd": 192034.1559,
    "prior_revenue_usd": 166490.3677,
    "provision_usd": -46463.73923,
    "prior_provision_usd": -46267.29903,
    "opex_usd": -145990.9805,
    "prior_opex_usd": -157512.2241,
    "operating_income_usd": -420.563829,
    "prior_operating_income_usd": -37289.15541,
    "interest_income_usd": 164463.2193,
    "prior_interest_income_usd": 137870.2834,
    "processing_fees_usd": 27570.93664,
    "prior_processing_fees_usd": 28620.08427,
    "staff_cost_usd": -42644.47398,
    "prior_staff_cost_usd": -51823.00787,
    "fuel_cost_usd": -4367.768595,
    "prior_fuel_cost_usd": -3873.595506,
    "vehicle_cost_usd": 0,
    "prior_vehicle_cost_usd": -1183.988764,
    "prior_total_apps": 2920,
    "prior_num_teams": 39,
    "prior_total_approvals": 2840,
    "num_loans": 2735,
    "median_tat_days": 4,
    "prior_median_tat_days": 5
  },
  "SL": {
    "exchange_rate": 22.7845,
    "total_apps": 1537,
    "apps_per_team": 47,
    "num_teams": 33,
    "num_areas": 33,
    "prior_apps_per_team": 52,
    "total_approvals": 1357,
    "approval_rate": 0.882889,
    "prior_approval_rate": 0.833138,
    "total_disb_usd": 660646.4921,
    "disb_per_team": 26,
    "avg_loan_size_usd": 473.921443,
    "prior_total_disb_usd": 667832.689,
    "prior_disb_per_team": 26,
    "prior_avg_loan_size_usd": 465.064547,
    "loan_book_usd": 1365888.828,
    "prior_loan_book_usd": 1332374.784,
    "par30_rate": 0.013961,
    "prior_par30_rate": 0.018035,
    "chronic_rate": 0.017912,
    "prior_chronic_rate": 0.022454,
    "revenue_usd": 220744.3868,
    "prior_revenue_usd": 193297.5685,
    "provision_usd": -5320.688187,
    "prior_provision_usd": -5647.439135,
    "opex_usd": -124684.295,
    "prior_opex_usd": -119290.9559,
    "operating_income_usd": 90739.40354,
    "prior_operating_income_usd": 68359.17344,
    "interest_income_usd": 187709.4288,
    "prior_interest_income_usd": 159904.1806,
    "processing_fees_usd": 33034.95798,
    "prior_processing_fees_usd": 33393.38786,
    "staff_cost_usd": -26671.3665,
    "prior_staff_cost_usd": -26556.3123,
    "fuel_cost_usd": -3315.499572,
    "prior_fuel_cost_usd": -4794.937885,
    "vehicle_cost_usd": -226.078694,
    "prior_vehicle_cost_usd": -196.647467,
    "prior_total_apps": 1708,
    "prior_num_teams": 33,
    "prior_total_approvals": 1423,
    "num_loans": 1394,
    "median_tat_days": 3,
    "prior_median_tat_days": 6
  },
  "NG": {
    "exchange_rate": 1370,
    "total_apps": 1319,
    "apps_per_team": 37,
    "num_teams": 36,
    "num_areas": 36,
    "prior_apps_per_team": 40,
    "total_approvals": 1208,
    "approval_rate": 0.915845,
    "prior_approval_rate": 0.633053,
    "total_disb_usd": 208043.7956,
    "disb_per_team": 53,
    "avg_loan_size_usd": 177.36044,
    "prior_total_disb_usd": 143592.5926,
    "prior_disb_per_team": 62,
    "prior_avg_loan_size_usd": 165.429254,
    "loan_book_usd": 458573.7445,
    "prior_loan_book_usd": 504260.5,
    "par30_rate": 0.20786,
    "prior_par30_rate": 0.216996,
    "chronic_rate": 0.1857,
    "prior_chronic_rate": 0.175581,
    "revenue_usd": 53295.2612,
    "prior_revenue_usd": 36949.60288,
    "provision_usd": -33473.72993,
    "prior_provision_usd": -39688.27971,
    "opex_usd": -85519.16361,
    "prior_opex_usd": -87047.80908,
    "operating_income_usd": -65697.63233,
    "prior_operating_income_usd": -89786.48592,
    "interest_income_usd": 45484.45828,
    "prior_interest_income_usd": 31248.13229,
    "processing_fees_usd": 7810.80292,
    "prior_processing_fees_usd": 5701.470588,
    "staff_cost_usd": -13543.23851,
    "prior_staff_cost_usd": -12957.62765,
    "fuel_cost_usd": -3069.75927,
    "prior_fuel_cost_usd": -2133.985294,
    "vehicle_cost_usd": -4069.343066,
    "prior_vehicle_cost_usd": -1747.058824,
    "prior_total_apps": 1428,
    "prior_num_teams": 36,
    "prior_total_approvals": 904,
    "num_loans": 1173,
    "median_tat_days": 4,
    "prior_median_tat_days": 4
  },
  "commentary": {
    "apps": null,
    "efficiency": null,
    "disbursements": null,
    "loan_book": null,
    "tat": null,
    "financials": null
  }
}