{
  "monthStr": "2026-03",
  "SL": {
    "exchange_rate": 22.7845,
    "total_apps": 1537,
    "apps_per_team": 47,
    "num_teams": 33,
    "num_areas": 33,
    "prior_apps_per_team": 52,
    "total_approvals": 1357,
    "approval_rate": 0.882889,
    "prior_approval_rate": 0.833138,
    "total_disb_usd": 660646.4921,
    "disb_per_team": 26,
    "avg_loan_size_usd": 473.921443,
    "prior_total_disb_usd": 667832.689,
    "prior_disb_per_team": 26,
    "prior_avg_loan_size_usd": 465.064547,
    "loan_book_usd": 1365888.828,
    "prior_loan_book_usd": 1332374.784,
    "par30_rate": 0.013961,
    "prior_par30_rate": 0.018035,
    "chronic_rate": 0.017912,
    "prior_chronic_rate": 0.022454,
    "revenue_usd": 217690.7169,
    "prior_revenue_usd": 190964.8212,
    "provision_usd": -5320.688187,
    "prior_provision_usd": -5647.439135,
    "opex_usd": -182779.5572,
    "prior_opex_usd": -119290.9559,
    "operating_income_usd": 29590.47159,
    "prior_operating_income_usd": 66026.42619,
    "interest_income_usd": 184655.759,
    "prior_interest_income_usd": 157571.4333,
    "processing_fees_usd": 33034.95798,
    "prior_processing_fees_usd": 33393.38786,
    "staff_cost_usd": -26671.3665,
    "prior_staff_cost_usd": -26556.3123,
    "fuel_cost_usd": -3315.499572,
    "prior_fuel_cost_usd": -4794.937885,
    "vehicle_cost_usd": -226.078694,
    "prior_vehicle_cost_usd": -196.647467,
    "prior_total_apps": 1708,
    "prior_num_teams": 33,
    "prior_total_approvals": 1423,
    "num_loans": 1394,
    "median_tat_days": 3,
    "prior_median_tat_days": 6
  },
  "NG": {
    "exchange_rate": 1370,
    "total_apps": 1319,
    "apps_per_team": 37,
    "num_teams": 36,
    "num_areas": 36,
    "prior_apps_per_team": 40,
    "total_approvals": 1208,
    "approval_rate": 0.915845,
    "prior_approval_rate": 0.633053,
    "total_disb_usd": 208043.7956,
    "disb_per_team": 53,
    "avg_loan_size_usd": 177.36044,
    "prior_total_disb_usd": 143592.5926,
    "prior_disb_per_team": 62,
    "prior_avg_loan_size_usd": 165.429254,
    "loan_book_usd": 458573.7445,
    "prior_loan_book_usd": 504260.5,
    "par30_rate": 0.20786,
    "prior_par30_rate": 0.216996,
    "chronic_rate": 0.1857,
    "prior_chronic_rate": 0.175581,
    "revenue_usd": 5775.339927,
    "prior_revenue_usd": 36949.60288,
    "provision_usd": -29010.64547,
    "prior_provision_usd": -39688.27971,
    "opex_usd": -85204.10472,
    "prior_opex_usd": -87047.80908,
    "operating_income_usd": -71896.65204,
    "prior_operating_income_usd": -89786.48592,
    "interest_income_usd": 45484.45828,
    "prior_interest_income_usd": 31248.13229,
    "processing_fees_usd": -39709.11836,
    "prior_processing_fees_usd": 5701.470588,
    "staff_cost_usd": -13543.23851,
    "prior_staff_cost_usd": -12957.62765,
    "fuel_cost_usd": -3069.75927,
    "prior_fuel_cost_usd": -2133.985294,
    "vehicle_cost_usd": -4069.343066,
    "prior_vehicle_cost_usd": -1747.058824,
    "prior_total_apps": 1428,
    "prior_num_teams": 36,
    "prior_total_approvals": 904,
    "num_loans": 1173,
    "median_tat_days": 4,
    "prior_median_tat_days": 4
  },
  "commentary": {
    "apps": null,
    "efficiency": null,
    "disbursements": null,
    "loan_book": null,
    "tat": null,
    "financials": null
  }
}