{
  "monthStr": "2026-02",
  "TZ": {
    "exchange_rate": 2546.74,
    "total_apps": 13415,
    "apps_per_team": 97,
    "num_teams": 139,
    "num_areas": 139,
    "prior_apps_per_team": 103,
    "total_approvals": 12674,
    "approval_rate": 0.944763,
    "prior_approval_rate": 0.96448,
    "total_disb_usd": 2785600.415,
    "disb_per_team": 159,
    "avg_loan_size_usd": 219.373162,
    "prior_total_disb_usd": 2901600.368,
    "prior_disb_per_team": 247,
    "prior_avg_loan_size_usd": 209.501832,
    "loan_book_usd": 6318825.621,
    "prior_loan_book_usd": 5610175.933,
    "par30_rate": 0.079977,
    "prior_par30_rate": 0.081519,
    "chronic_rate": 0.064625,
    "prior_chronic_rate": 0.045156,
    "revenue_usd": 863691.1061,
    "prior_revenue_usd": 871059.2012,
    "provision_usd": -134460.9121,
    "prior_provision_usd": -147088.2008,
    "opex_usd": -494496.6059,
    "prior_opex_usd": -495206.6905,
    "operating_income_usd": 234733.5881,
    "prior_operating_income_usd": 228764.3099,
    "interest_income_usd": 724411.0854,
    "prior_interest_income_usd": 725979.1828,
    "processing_fees_usd": 139280.0207,
    "prior_processing_fees_usd": 145080.0184,
    "staff_cost_usd": -178659.46,
    "prior_staff_cost_usd": -173592.637,
    "fuel_cost_usd": -31621.20279,
    "prior_fuel_cost_usd": -40015.11878,
    "vehicle_cost_usd": -6012.981302,
    "prior_vehicle_cost_usd": -8362.350403
  },
  "KE": {
    "exchange_rate": 129,
    "total_apps": 8676,
    "apps_per_team": 85,
    "num_teams": 102,
    "num_areas": 102,
    "prior_apps_per_team": 111,
    "total_approvals": 8096,
    "approval_rate": 0.933149,
    "prior_approval_rate": 0.891081,
    "total_disb_usd": 1820891.473,
    "disb_per_team": 135,
    "avg_loan_size_usd": 224.940268,
    "prior_total_disb_usd": 2078321.191,
    "prior_disb_per_team": 230,
    "prior_avg_loan_size_usd": 209.761929,
    "loan_book_usd": 4177694.043,
    "prior_loan_book_usd": 3784306.511,
    "par30_rate": 0.087603,
    "prior_par30_rate": 0.06191,
    "chronic_rate": 0.045612,
    "prior_chronic_rate": 0.051352,
    "revenue_usd": 587290.9362,
    "prior_revenue_usd": 615702.832,
    "provision_usd": -80610.22566,
    "prior_provision_usd": -70862.30956,
    "opex_usd": -393159.5716,
    "prior_opex_usd": -382269.8004,
    "operating_income_usd": 113521.1389,
    "prior_operating_income_usd": 162570.722,
    "interest_income_usd": 496246.3626,
    "prior_interest_income_usd": 511722.8289,
    "processing_fees_usd": 91044.57364,
    "prior_processing_fees_usd": 103980.0031,
    "staff_cost_usd": -151619.162,
    "prior_staff_cost_usd": -144725.7092,
    "fuel_cost_usd": -16603.24992,
    "prior_fuel_cost_usd": -17298.99326,
    "vehicle_cost_usd": -3733.829457,
    "prior_vehicle_cost_usd": -2264.176097
  },
  "UG": {
    "exchange_rate": 3560,
    "total_apps": 2920,
    "apps_per_team": 75,
    "num_teams": 39,
    "num_areas": 39,
    "prior_apps_per_team": 45,
    "total_approvals": 2840,
    "approval_rate": 0.972603,
    "prior_approval_rate": 0.885795,
    "total_disb_usd": 572205.0562,
    "disb_per_team": 83,
    "avg_loan_size_usd": 203.704185,
    "prior_total_disb_usd": 351200.5457,
    "prior_disb_per_team": 68,
    "prior_avg_loan_size_usd": 225.417552,
    "loan_book_usd": 1328495.447,
    "prior_loan_book_usd": 1124088.812,
    "par30_rate": 0.187518,
    "prior_par30_rate": 0.173627,
    "chronic_rate": 0.115853,
    "prior_chronic_rate": 0.110727,
    "revenue_usd": 166490.3677,
    "prior_revenue_usd": 148398.5198,
    "provision_usd": -46267.29903,
    "prior_provision_usd": -70539.57605,
    "opex_usd": -157512.2241,
    "prior_opex_usd": -140208.7128,
    "operating_income_usd": -37289.15541,
    "prior_operating_income_usd": -62349.76902,
    "interest_income_usd": 137870.2834,
    "prior_interest_income_usd": 130828.9427,
    "processing_fees_usd": 28620.08427,
    "prior_processing_fees_usd": 17569.57708,
    "staff_cost_usd": -51823.00787,
    "prior_staff_cost_usd": -41833.88868,
    "fuel_cost_usd": -3873.595506,
    "prior_fuel_cost_usd": -3416.098226,
    "vehicle_cost_usd": -1183.988764,
    "prior_vehicle_cost_usd": -886.766712
  },
  "SL": {
    "exchange_rate": 22.8126,
    "total_apps": 1708,
    "apps_per_team": 52,
    "num_teams": 33,
    "num_areas": 33,
    "prior_apps_per_team": 57,
    "total_approvals": 1423,
    "approval_rate": 0.833138,
    "prior_approval_rate": 0.831038,
    "total_disb_usd": 667832.689,
    "disb_per_team": 26,
    "avg_loan_size_usd": 465.064547,
    "prior_total_disb_usd": 624808.0046,
    "prior_disb_per_team": 33,
    "prior_avg_loan_size_usd": 415.984024,
    "loan_book_usd": 1332374.784,
    "prior_loan_book_usd": 1169213.148,
    "par30_rate": 0.018035,
    "prior_par30_rate": 0.020056,
    "chronic_rate": 0.022454,
    "prior_chronic_rate": 0.026797,
    "revenue_usd": 190964.8212,
    "prior_revenue_usd": 183186.3378,
    "provision_usd": -5647.439135,
    "prior_provision_usd": -7305.915215,
    "opex_usd": -119290.9559,
    "prior_opex_usd": -120605.2578,
    "operating_income_usd": 66026.42619,
    "prior_operating_income_usd": 55275.16479,
    "interest_income_usd": 157571.4333,
    "prior_interest_income_usd": 151593.5437,
    "processing_fees_usd": 33393.38786,
    "prior_processing_fees_usd": 31592.79414,
    "staff_cost_usd": -26556.3123,
    "prior_staff_cost_usd": -25026.76965,
    "fuel_cost_usd": -4794.937885,
    "prior_fuel_cost_usd": -4652.53039,
    "vehicle_cost_usd": -196.647467,
    "prior_vehicle_cost_usd": -678.962566
  },
  "NG": {
    "exchange_rate": 1350,
    "total_apps": 1428,
    "apps_per_team": 40,
    "num_teams": 36,
    "num_areas": 36,
    "prior_apps_per_team": 33,
    "total_approvals": 904,
    "approval_rate": 0.633053,
    "prior_approval_rate": 0.618565,
    "total_disb_usd": 143592.5926,
    "disb_per_team": 62,
    "avg_loan_size_usd": 165.429254,
    "prior_total_disb_usd": 152463.7681,
    "prior_disb_per_team": 36,
    "prior_avg_loan_size_usd": 213.534689,
    "loan_book_usd": 504260.5,
    "prior_loan_book_usd": 469005.4218,
    "par30_rate": 0.216996,
    "prior_par30_rate": 0.170043,
    "chronic_rate": 0.175581,
    "prior_chronic_rate": 0.157157,
    "revenue_usd": 37223.30364,
    "prior_revenue_usd": 67009.01775,
    "provision_usd": -39982.26697,
    "prior_provision_usd": -34269.52345,
    "opex_usd": -87692.60767,
    "prior_opex_usd": -102158.7081,
    "operating_income_usd": -90451.571,
    "prior_operating_income_usd": -69419.21377,
    "interest_income_usd": 31479.59993,
    "prior_interest_income_usd": 60922.06123,
    "processing_fees_usd": 5743.703704,
    "prior_processing_fees_usd": 6086.956522,
    "staff_cost_usd": -13053.61007,
    "prior_staff_cost_usd": -12176.61904,
    "fuel_cost_usd": -2149.792593,
    "prior_fuel_cost_usd": -1908.45942,
    "vehicle_cost_usd": -1760,
    "prior_vehicle_cost_usd": -2460.072464
  },
  "commentary": {
    "apps": null,
    "efficiency": null,
    "disbursements": null,
    "loan_book": null
  }
}