{
  "monthStr": "2026-02",
  "TZ": {
    "exchange_rate": 2546.74,
    "total_apps": 13415,
    "apps_per_team": 97,
    "num_teams": 139,
    "num_areas": 139,
    "prior_apps_per_team": 103,
    "total_approvals": 12674,
    "approval_rate": 0.944763,
    "prior_approval_rate": 0.96448,
    "total_disb_usd": 1901411.216,
    "disb_per_team": 131,
    "avg_loan_size_usd": 216.685039,
    "prior_total_disb_usd": 2069728.877,
    "prior_disb_per_team": 219,
    "prior_avg_loan_size_usd": 209.932942,
    "loan_book_usd": 6318825.621,
    "prior_loan_book_usd": 5610175.933,
    "par30_rate": 0.079977,
    "prior_par30_rate": 0.081519,
    "chronic_rate": 0.064625,
    "prior_chronic_rate": 0.045156,
    "revenue_usd": 863691.1061,
    "prior_revenue_usd": 871059.2012,
    "provision_usd": -134460.9121,
    "prior_provision_usd": -147088.2008,
    "opex_usd": -494496.6059,
    "prior_opex_usd": -495206.6905,
    "operating_income_usd": 234733.5881,
    "prior_operating_income_usd": 228764.3099,
    "interest_income_usd": 724411.0854,
    "prior_interest_income_usd": 725979.1828,
    "processing_fees_usd": 139280.0207,
    "prior_processing_fees_usd": 145080.0184,
    "staff_cost_usd": -357318.92,
    "prior_staff_cost_usd": -347185.274,
    "fuel_cost_usd": -63242.40559,
    "prior_fuel_cost_usd": -80030.23756,
    "vehicle_cost_usd": -6012.981302,
    "prior_vehicle_cost_usd": -8362.350403
  },
  "KE": {
    "exchange_rate": 129,
    "total_apps": 8676,
    "apps_per_team": 85,
    "num_teams": 102,
    "num_areas": 102,
    "prior_apps_per_team": 111,
    "total_approvals": 8096,
    "approval_rate": 0.933149,
    "prior_approval_rate": 0.891081,
    "total_disb_usd": 1255542.636,
    "disb_per_team": 114,
    "avg_loan_size_usd": 224.64531,
    "prior_total_disb_usd": 1080878.933,
    "prior_disb_per_team": 134,
    "prior_avg_loan_size_usd": 218.315276,
    "loan_book_usd": 4177694.043,
    "prior_loan_book_usd": 3784306.511,
    "par30_rate": 0.087603,
    "prior_par30_rate": 0.06191,
    "chronic_rate": 0.045612,
    "prior_chronic_rate": 0.051352,
    "revenue_usd": 587290.9362,
    "prior_revenue_usd": 615702.832,
    "provision_usd": -80610.22566,
    "prior_provision_usd": -70862.30956,
    "opex_usd": -393159.5716,
    "prior_opex_usd": -382269.8004,
    "operating_income_usd": 113521.1389,
    "prior_operating_income_usd": 162570.722,
    "interest_income_usd": 496246.3626,
    "prior_interest_income_usd": 511722.8289,
    "processing_fees_usd": 91044.57364,
    "prior_processing_fees_usd": 103980.0031,
    "staff_cost_usd": -303238.324,
    "prior_staff_cost_usd": -289451.4184,
    "fuel_cost_usd": -33206.49984,
    "prior_fuel_cost_usd": -34597.98651,
    "vehicle_cost_usd": -3733.829457,
    "prior_vehicle_cost_usd": -2264.176097
  },
  "UG": {
    "exchange_rate": 3560,
    "total_apps": 2920,
    "apps_per_team": 75,
    "num_teams": 39,
    "num_areas": 39,
    "prior_apps_per_team": 0,
    "total_approvals": 2840,
    "approval_rate": 0.972603,
    "prior_approval_rate": 0,
    "total_disb_usd": 349353.9326,
    "disb_per_team": 55,
    "avg_loan_size_usd": 217.937575,
    "prior_total_disb_usd": 0,
    "prior_disb_per_team": 0,
    "prior_avg_loan_size_usd": 0,
    "loan_book_usd": 1328495.447,
    "prior_loan_book_usd": 0,
    "par30_rate": 0.187518,
    "prior_par30_rate": 0,
    "chronic_rate": 0.115853,
    "prior_chronic_rate": 0,
    "revenue_usd": 166490.3677,
    "prior_revenue_usd": 148398.5198,
    "provision_usd": -46267.29903,
    "prior_provision_usd": -70539.57605,
    "opex_usd": -157512.2241,
    "prior_opex_usd": -140208.7128,
    "operating_income_usd": -37289.15541,
    "prior_operating_income_usd": -62349.76902,
    "interest_income_usd": 137870.2834,
    "prior_interest_income_usd": 130828.9427,
    "processing_fees_usd": 28620.08427,
    "prior_processing_fees_usd": 17569.57708,
    "staff_cost_usd": -103646.0157,
    "prior_staff_cost_usd": -83667.77735,
    "fuel_cost_usd": -7747.191011,
    "prior_fuel_cost_usd": -6832.196453,
    "vehicle_cost_usd": -1183.988764,
    "prior_vehicle_cost_usd": -886.766712
  },
  "SL": {
    "exchange_rate": 22.8126,
    "total_apps": 1708,
    "apps_per_team": 52,
    "num_teams": 33,
    "num_areas": 33,
    "prior_apps_per_team": 0,
    "total_approvals": 1423,
    "approval_rate": 0.833138,
    "prior_approval_rate": 0,
    "total_disb_usd": 548074.3098,
    "disb_per_team": 26,
    "avg_loan_size_usd": 494.651904,
    "prior_total_disb_usd": 0,
    "prior_disb_per_team": 0,
    "prior_avg_loan_size_usd": 0,
    "loan_book_usd": 1332374.784,
    "prior_loan_book_usd": 0,
    "par30_rate": 0.018035,
    "prior_par30_rate": 0,
    "chronic_rate": 0.022454,
    "prior_chronic_rate": 0,
    "revenue_usd": 190964.8212,
    "prior_revenue_usd": 183186.3378,
    "provision_usd": -5647.439135,
    "prior_provision_usd": -7305.915215,
    "opex_usd": -119290.9559,
    "prior_opex_usd": -120605.2578,
    "operating_income_usd": 66026.42619,
    "prior_operating_income_usd": 55275.16479,
    "interest_income_usd": 157571.4333,
    "prior_interest_income_usd": 151593.5437,
    "processing_fees_usd": 33393.38786,
    "prior_processing_fees_usd": 31592.79414,
    "staff_cost_usd": -53112.6246,
    "prior_staff_cost_usd": -50053.5393,
    "fuel_cost_usd": -9589.87577,
    "prior_fuel_cost_usd": -9305.06078,
    "vehicle_cost_usd": -196.647467,
    "prior_vehicle_cost_usd": -678.962566
  },
  "NG": {
    "exchange_rate": 1350,
    "total_apps": 1428,
    "apps_per_team": 40,
    "num_teams": 36,
    "num_areas": 36,
    "prior_apps_per_team": 33,
    "total_approvals": 904,
    "approval_rate": 0.633053,
    "prior_approval_rate": 0.618565,
    "total_disb_usd": 97814.81481,
    "disb_per_team": 41,
    "avg_loan_size_usd": 171.304404,
    "prior_total_disb_usd": 83007.24638,
    "prior_disb_per_team": 23,
    "prior_avg_loan_size_usd": 226.795755,
    "loan_book_usd": 504260.5,
    "prior_loan_book_usd": 469005.4218,
    "par30_rate": 0.216996,
    "prior_par30_rate": 0.170043,
    "chronic_rate": 0.175581,
    "prior_chronic_rate": 0.157157,
    "revenue_usd": 37223.30364,
    "prior_revenue_usd": 67009.01775,
    "provision_usd": -39982.26697,
    "prior_provision_usd": -34269.52345,
    "opex_usd": -87692.60767,
    "prior_opex_usd": -102158.7081,
    "operating_income_usd": -90451.571,
    "prior_operating_income_usd": -69419.21377,
    "interest_income_usd": 31479.59993,
    "prior_interest_income_usd": 60922.06123,
    "processing_fees_usd": 5743.703704,
    "prior_processing_fees_usd": 6086.956522,
    "staff_cost_usd": -26107.22015,
    "prior_staff_cost_usd": -24353.23809,
    "fuel_cost_usd": -4299.585185,
    "prior_fuel_cost_usd": -3816.918841,
    "vehicle_cost_usd": -1760,
    "prior_vehicle_cost_usd": -2460.072464
  },
  "commentary": {
    "apps": null,
    "efficiency": null,
    "disbursements": null,
    "loan_book": null
  }
}