{
  "monthStr": "2026-04",
  "TZ": {
    "exchange_rate": 2601.98,
    "total_apps": 11710,
    "apps_per_team": 84,
    "num_teams": 139,
    "num_areas": 139,
    "prior_apps_per_team": 96,
    "total_approvals": 11121,
    "approval_rate": 0.949701,
    "prior_approval_rate": 0.946624,
    "total_disb_usd": 2578766.939,
    "disb_per_team": 141,
    "avg_loan_size_usd": 231.8618,
    "prior_total_disb_usd": 2899960.102,
    "prior_disb_per_team": 160,
    "prior_avg_loan_size_usd": 229.936576,
    "loan_book_usd": 6528403.079,
    "prior_loan_book_usd": 6676011.45,
    "par30_rate": 0.098501,
    "prior_par30_rate": 0.081768,
    "chronic_rate": 0.083744,
    "prior_chronic_rate": 0.0803,
    "revenue_usd": 983823.4597,
    "prior_revenue_usd": 1002357.328,
    "provision_usd": -212915.0669,
    "prior_provision_usd": -169883.6499,
    "opex_usd": -631748.3487,
    "prior_opex_usd": -696115.7983,
    "operating_income_usd": 1402656.741,
    "prior_operating_income_usd": 1528589.476,
    "interest_income_usd": 854885.1127,
    "prior_interest_income_usd": 857359.3225,
    "processing_fees_usd": 128938.347,
    "prior_processing_fees_usd": 144998.0051,
    "staff_cost_usd": -168063.9572,
    "prior_staff_cost_usd": -172958.4079,
    "fuel_cost_usd": -39025.98675,
    "prior_fuel_cost_usd": -34418.91446,
    "vehicle_cost_usd": -8822.089332,
    "prior_vehicle_cost_usd": -8878.04708,
    "prior_total_apps": 13283,
    "prior_num_teams": 139,
    "prior_total_approvals": 12574,
    "num_loans": 11122,
    "median_tat_days": 2,
    "prior_median_tat_days": 3
  },
  "KE": {
    "exchange_rate": 129.17,
    "total_apps": 6911,
    "apps_per_team": 69,
    "num_teams": 100,
    "num_areas": 100,
    "prior_apps_per_team": 80,
    "total_approvals": 5747,
    "approval_rate": 0.831573,
    "prior_approval_rate": 0.94675,
    "total_disb_usd": 1665440.892,
    "disb_per_team": 76,
    "avg_loan_size_usd": 289.793091,
    "prior_total_disb_usd": 1869538.462,
    "prior_disb_per_team": 131,
    "prior_avg_loan_size_usd": 241.636094,
    "loan_book_usd": 4047098.07,
    "prior_loan_book_usd": 4212998.746,
    "par30_rate": 0.075566,
    "prior_par30_rate": 0.071692,
    "chronic_rate": 0.071859,
    "prior_chronic_rate": 0.060775,
    "revenue_usd": 668244.3667,
    "prior_revenue_usd": 671626.3527,
    "provision_usd": -114664.9042,
    "prior_provision_usd": -100052.7893,
    "opex_usd": -510759.5996,
    "prior_opex_usd": -434402.7755,
    "operating_income_usd": 1064339.062,
    "prior_operating_income_usd": 1005976.339,
    "interest_income_usd": 584972.3221,
    "prior_interest_income_usd": 578149.4296,
    "processing_fees_usd": 83272.04459,
    "prior_processing_fees_usd": 93476.92308,
    "staff_cost_usd": -145603.0732,
    "prior_staff_cost_usd": -150620.4137,
    "fuel_cost_usd": -20907.74948,
    "prior_fuel_cost_usd": -19686.83115,
    "vehicle_cost_usd": -4226.608346,
    "prior_vehicle_cost_usd": -4065.384615,
    "prior_total_apps": 8169,
    "prior_num_teams": 102,
    "prior_total_approvals": 7734,
    "num_loans": 5747,
    "median_tat_days": 3,
    "prior_median_tat_days": 4
  },
  "SL": {
    "exchange_rate": 22.8178,
    "total_apps": 1567,
    "apps_per_team": 47,
    "num_teams": 33,
    "num_areas": 33,
    "prior_apps_per_team": 47,
    "total_approvals": 1366,
    "approval_rate": 0.871729,
    "prior_approval_rate": 0.882889,
    "total_disb_usd": 670923.5772,
    "disb_per_team": 26,
    "avg_loan_size_usd": 457.03241,
    "prior_total_disb_usd": 660646.4921,
    "prior_disb_per_team": 26,
    "prior_avg_loan_size_usd": 473.921443,
    "loan_book_usd": 1367460.185,
    "prior_loan_book_usd": 1365888.828,
    "par30_rate": 0.012605,
    "prior_par30_rate": 0.013961,
    "chronic_rate": 0.016985,
    "prior_chronic_rate": 0.017912,
    "revenue_usd": 229755.2314,
    "prior_revenue_usd": 220744.3868,
    "provision_usd": -7433.312589,
    "prior_provision_usd": -5320.688187,
    "opex_usd": -199921.322,
    "prior_opex_usd": -240874.8193,
    "operating_income_usd": 422243.2408,
    "prior_operating_income_usd": 456298.5179,
    "interest_income_usd": 196208.6143,
    "prior_interest_income_usd": 187709.4288,
    "processing_fees_usd": 33546.61711,
    "prior_processing_fees_usd": 33034.95798,
    "staff_cost_usd": -28050.24192,
    "prior_staff_cost_usd": -26671.3665,
    "fuel_cost_usd": -4198.477504,
    "prior_fuel_cost_usd": -3315.499572,
    "vehicle_cost_usd": -661.108433,
    "prior_vehicle_cost_usd": -226.078694,
    "prior_total_apps": 1537,
    "prior_num_teams": 33,
    "prior_total_approvals": 1357,
    "num_loans": 1468,
    "median_tat_days": 3,
    "prior_median_tat_days": 3
  },
  "NG": {
    "exchange_rate": 1370,
    "total_apps": 1043,
    "apps_per_team": 29,
    "num_teams": 36,
    "num_areas": 36,
    "prior_apps_per_team": 37,
    "total_approvals": 1036,
    "approval_rate": 0.993289,
    "prior_approval_rate": 0.915845,
    "total_disb_usd": 177919.708,
    "disb_per_team": 66,
    "avg_loan_size_usd": 169.770714,
    "prior_total_disb_usd": 208043.7956,
    "prior_disb_per_team": 53,
    "prior_avg_loan_size_usd": 177.36044,
    "loan_book_usd": 426047.6987,
    "prior_loan_book_usd": 458573.7445,
    "par30_rate": 0.173036,
    "prior_par30_rate": 0.20786,
    "chronic_rate": 0.183922,
    "prior_chronic_rate": 0.1857,
    "revenue_usd": 55571.34942,
    "prior_revenue_usd": 53295.2612,
    "provision_usd": -29099.5221,
    "prior_provision_usd": -33473.72993,
    "opex_usd": -82622.44298,
    "prior_opex_usd": -85519.16361,
    "operating_income_usd": 109094.2703,
    "prior_operating_income_usd": 105340.6949,
    "interest_income_usd": 48479.37862,
    "prior_interest_income_usd": 45484.45828,
    "processing_fees_usd": 7091.970803,
    "prior_processing_fees_usd": 7810.80292,
    "staff_cost_usd": -13616.73996,
    "prior_staff_cost_usd": -13543.23851,
    "fuel_cost_usd": -3150.675182,
    "prior_fuel_cost_usd": -3069.75927,
    "vehicle_cost_usd": -1170.80292,
    "prior_vehicle_cost_usd": -4069.343066,
    "prior_total_apps": 1319,
    "prior_num_teams": 36,
    "prior_total_approvals": 1208,
    "num_loans": 1048,
    "median_tat_days": 3,
    "prior_median_tat_days": 4
  },
  "commentary": {
    "apps": null,
    "efficiency": null,
    "disbursements": null,
    "loan_book": null,
    "tat": null,
    "financials": null
  }
}